insert into product (product_id, product_type, product_level, name) values (5, 0, 0, 'Produit_Automatic_Normal');
insert into product (product_id, product_type, product_level, name) values (6, 1, 0, 'Produit_Manual_Normal');
insert into product (product_id, product_type, product_level, name) values (7, 0, 1, 'Produit_Automatic_Vip');
insert into product (product_id, product_type, product_level, name) values (8, 1, 1, 'Produit_Manual_Vip');

insert into client values ('PoorMen', 0);
insert into client values ('MiddleMen', 0);
insert into client values ('RichMen', 0);
insert into client values ('NormalMenToUpgrade', 0);
insert into client values ('VIPMenToUpgrade', 1);
insert into client values ('NormalMenToDowngrade', 0);
insert into client values ('VIPMenToDowngrade', 1);
insert into client values ('NormalMenToList', 0);
insert into client values ('VIPMenToList', 1);
insert into client values ('MrWantAll', 1);
insert into client values ('MrsNormalWantAProduct', 0);
insert into client values ('MrsVipWantAProduct', 1);
insert into client values ('MrWantNothing', 0);
insert into client values ('ClientWaitingForProductAccept', 1);
insert into client values ('ClientWaitingForProductReject', 0);
insert into client values ('ClientDontWantManualProductAnymore', 0);
insert into client values ('ClientDontWantAutomaticProductAnymore', 0);
insert into client values ('ClientWithNoProductWantToUnsubscribe', 0);
insert into client values ('ClientWithProductWaitingForSubscribe', 0);

insert into client_products (clientDto_client_id, productDto_product_id, approbation_status) values ('MiddleMen', 5, 0);
insert into client_products (clientDto_client_id, productDto_product_id, approbation_status) values ('RichMen', 6 , 0);
insert into client_products (clientDto_client_id, productDto_product_id, approbation_status) values ('RichMen', 7, 0);
insert into client_products (clientDto_client_id, productDto_product_id, approbation_status) values ('MrWantAll', 8, 1);
insert into client_products (clientDto_client_id, productDto_product_id, approbation_status) values ('MrsVipWantAProduct', 8, 1);
insert into client_products (clientDto_client_id, productDto_product_id, approbation_status) values ('MrWantNothing', 8, 2);
insert into client_products (clientDto_client_id, productDto_product_id, approbation_status) values ('ClientWaitingForProductAccept', 8, 1);
insert into client_products (clientDto_client_id, productDto_product_id, approbation_status) values ('ClientWaitingForProductReject', 8, 2);
insert into client_products (clientDto_client_id, productDto_product_id, approbation_status) values ('ClientDontWantAutomaticProductAnymore', 5, 0);
insert into client_products (clientDto_client_id, productDto_product_id, approbation_status) values ('ClientDontWantManualProductAnymore', 6, 0);
insert into client_products (clientDto_client_id, productDto_product_id, approbation_status) values ('ClientWithProductWaitingForSubscribe', 5, 2);
